0.944654,1.41124,1,1,0 //start,end,posx,posy,direction
1.41124,1,1,0,1
1.846331,1,4,2,0
2.687878,1,4,2,1
3.225703,-2,3,1,0
3.225703,-2,3,1,1
4.562961,-3,-2,0,0
5.510774,-3,-2,0,1
6.025918,4,1,3,0
6.025918,4,1,3,1
7.446882,-4,2,1,0
7.446882,-4,2,1,1
8.877888,-4,-3,0,0
8.877888,-4,-3,0,1
10.46712,3,4,2,0
10.46712,3,4,2,1
