Hello,World
Hello,World
4.210196,0
4.910005,1
5.791978,2
6.985176,3
7.564611,4
9.618881,0
10.05021,1
10.47074,3
10.95118,4
